{
    "foreground_intensity_properties_per_channel": {
        "0": {
            "max": 7356.0,
            "mean": -27.401779174804688,
            "median": -25.0,
            "min": -8192.0,
            "percentile_00_5": -572.0,
            "percentile_99_5": 1140.0,
            "std": 226.91513061523438
        }
    },
    "median_relative_size_after_cropping": 1.0,
    "shapes_after_crop": [
        [
            392,
            576,
            512
        ],
        [
            446,
            512,
            512
        ],
        [
            447,
            512,
            512
        ],
        [
            361,
            512,
            512
        ],
        [
            431,
            512,
            512
        ],
        [
            357,
            512,
            512
        ],
        [
            481,
            512,
            512
        ],
        [
            406,
            512,
            512
        ],
        [
            419,
            512,
            512
        ],
        [
            368,
            512,
            512
        ],
        [
            330,
            512,
            512
        ],
        [
            324,
            512,
            512
        ],
        [
            428,
            512,
            512
        ],
        [
            392,
            512,
            512
        ],
        [
            314,
            512,
            512
        ],
        [
            376,
            512,
            512
        ],
        [
            360,
            512,
            512
        ],
        [
            321,
            512,
            512
        ],
        [
            322,
            512,
            512
        ],
        [
            360,
            512,
            512
        ],
        [
            384,
            512,
            512
        ],
        [
            293,
            512,
            512
        ],
        [
            432,
            512,
            512
        ],
        [
            454,
            512,
            512
        ],
        [
            358,
            512,
            512
        ],
        [
            437,
            512,
            512
        ],
        [
            348,
            512,
            512
        ],
        [
            442,
            512,
            512
        ],
        [
            393,
            519,
            512
        ],
        [
            437,
            512,
            512
        ],
        [
            398,
            512,
            512
        ],
        [
            309,
            512,
            512
        ],
        [
            379,
            512,
            512
        ],
        [
            393,
            512,
            512
        ],
        [
            424,
            512,
            512
        ],
        [
            306,
            512,
            512
        ],
        [
            341,
            512,
            512
        ],
        [
            346,
            512,
            512
        ],
        [
            471,
            512,
            512
        ],
        [
            318,
            512,
            512
        ],
        [
            376,
            512,
            512
        ],
        [
            433,
            512,
            512
        ],
        [
            460,
            512,
            512
        ],
        [
            396,
            512,
            512
        ],
        [
            336,
            512,
            512
        ],
        [
            304,
            512,
            512
        ],
        [
            437,
            512,
            512
        ],
        [
            424,
            512,
            512
        ],
        [
            395,
            512,
            512
        ],
        [
            332,
            512,
            512
        ],
        [
            707,
            512,
            512
        ],
        [
            657,
            512,
            512
        ],
        [
            642,
            512,
            512
        ],
        [
            643,
            512,
            512
        ],
        [
            732,
            512,
            512
        ],
        [
            701,
            512,
            512
        ],
        [
            613,
            512,
            512
        ],
        [
            611,
            512,
            512
        ],
        [
            607,
            512,
            512
        ],
        [
            630,
            512,
            512
        ],
        [
            539,
            512,
            512
        ],
        [
            653,
            512,
            512
        ],
        [
            706,
            512,
            512
        ],
        [
            596,
            512,
            512
        ],
        [
            661,
            512,
            512
        ],
        [
            689,
            512,
            512
        ],
        [
            643,
            512,
            512
        ],
        [
            683,
            512,
            512
        ],
        [
            601,
            512,
            512
        ],
        [
            603,
            512,
            512
        ],
        [
            685,
            512,
            512
        ],
        [
            644,
            512,
            512
        ],
        [
            551,
            512,
            512
        ],
        [
            631,
            512,
            512
        ],
        [
            640,
            512,
            512
        ],
        [
            708,
            512,
            512
        ],
        [
            735,
            512,
            512
        ],
        [
            619,
            512,
            512
        ],
        [
            679,
            512,
            512
        ],
        [
            641,
            512,
            512
        ],
        [
            642,
            512,
            512
        ],
        [
            617,
            512,
            512
        ],
        [
            656,
            512,
            512
        ],
        [
            737,
            512,
            512
        ],
        [
            666,
            512,
            512
        ],
        [
            681,
            512,
            512
        ],
        [
            655,
            512,
            512
        ],
        [
            683,
            512,
            512
        ],
        [
            692,
            512,
            512
        ],
        [
            661,
            512,
            512
        ],
        [
            642,
            512,
            512
        ],
        [
            670,
            512,
            512
        ],
        [
            587,
            512,
            512
        ],
        [
            626,
            512,
            512
        ],
        [
            601,
            512,
            512
        ],
        [
            631,
            512,
            512
        ],
        [
            694,
            512,
            512
        ],
        [
            659,
            512,
            512
        ],
        [
            674,
            512,
            512
        ],
        [
            749,
            512,
            512
        ]
    ],